1,"Jenna Holden",3,1655098818.download.jpeg,1655724377.photo-1453728013993-6d66e9c9123a.jpeg,1,<p>sssxsx</p>,,1,1,,2022-06-13T05:40:18.000000Z,2022-07-02T12:08:16.000000Z,demo,ffff,test
12,"Rosalyn Willis",2,1655191996.download.jpeg,,1,<p>sdcfdscdsc</p>,,0,0,,2022-06-14T07:33:16.000000Z,2022-07-19T08:40:46.000000Z,,,
17,food,,1655723132.photo-1453728013993-6d66e9c9123a.jpeg,,1,<p>csacsac</p>,,1,1,,2022-06-20T11:05:32.000000Z,2022-06-20T11:05:32.000000Z,demo,ffff,test
18,"Chester Britt",3,1655192011.photo-1453728013993-6d66e9c9123a.jpeg,,1,<p>dscdscscs</p>,,0,1,,2022-06-14T07:33:31.000000Z,2022-07-19T08:41:00.000000Z,,,
20,"Mari Ochoa",1,1655202714.photo-1453728013993-6d66e9c9123a.jpeg,,1,<p>helllo</p>,,1,1,,2022-06-14T10:31:54.000000Z,2022-06-14T10:31:54.000000Z,,,
21,"Dakota Cooley",2,1655202844.download.jpeg,,1,<p>helloo</p>,,1,1,,2022-06-14T10:34:04.000000Z,2022-06-14T10:34:04.000000Z,,,
23,"Avye Farmer",,1655723355.photo-1453728013993-6d66e9c9123a.jpeg,,1,<p>cdscd</p>,,0,0,,2022-06-20T11:09:15.000000Z,2022-07-16T11:34:41.000000Z,"Peter Holden","Jolene Kirkland","Kelly Goodman"
24,"Gavin Morris",,1655723742.photo-1453728013993-6d66e9c9123a.jpeg,1655723742.photo-1453728013993-6d66e9c9123a.jpeg,1,<p>cdscds</p>,,1,0,,2022-06-20T11:15:42.000000Z,2022-07-14T09:25:55.000000Z,"Armando Peck","Brady Randall","Steven Stanton"
25,"Raven Rhodes",,1658403286.2560px-Medicine_Drugs.svg.png,,,<p>scsdcd</p>,,1,1,,2022-07-21T10:55:17.000000Z,2022-07-21T11:34:46.000000Z,"Dara Bell","Hashim Mcconnell","Ginger Porter"
26,"Kenneth Lewis",,1658401736.download.jpeg,,,"<p>,,</p>",,1,1,,2022-07-21T11:08:56.000000Z,2022-07-21T11:08:56.000000Z,"Simone Gillespie","Medge Torres","Stacey Thornton"
27,"Calvin Adkins",,1658403076.2560px-Medicine_Drugs.svg.png,,,<p>wec</p>,,1,1,,2022-07-21T11:31:16.000000Z,2022-07-21T11:31:16.000000Z,"Joel Thomas","Herman Velazquez","Clare Kirk"
